morph_id,morph,position,in_cells,in_forms,language_id
komnungthangtampakM01,a,free,3.sg; 3.pl,komnungthangtampak006; komnungthangtampak007,komnungthangtampak
komnungthangtampakM02,a,pre,3.sg.1.sg.fut.aff; 3.sg.1.sg.fut.aff; 3.sg.1.pl.excl.fut.aff; 3.sg.1.pl.excl.fut.aff; 3.sg.1.pl.incl.fut.aff; 3.sg.1.pl.incl.fut.aff; 3.pl.1.sg.fut.aff; 3.pl.1.sg.fut.aff; 3.pl.1.sg.fut.aff; 3.pl.1.pl.excl.fut.aff; 3.pl.1.pl.excl.fut.aff; 3.pl.1.pl.incl.fut.aff; 3.pl.1.pl.incl.fut.aff; 3.sg.2.sg.fut.aff; 3.sg.2.sg.fut.aff; 3.sg.2.pl.fut.aff; 3.pl.2.sg.fut.aff; 3.pl.2.sg.fut.aff; 3.pl.2.pl.fut.aff; 3.pl.2.pl.fut.aff; 3.pl.2.pl.fut.aff; 3.sg.3.sg.fut.aff; 3.sg.3.sg.fut.aff; 3.sg.3.pl.fut.aff; 3.sg.3.pl.fut.aff; 3.pl.3.sg.fut.aff; 3.pl.3.sg.fut.aff; 3.pl.3.pl.fut.aff; 3.pl.3.pl.fut.aff; 3.sg.1.sg.nfut.aff; 3.sg.1.sg.nfut.aff; 3.sg.1.pl.excl.nfut.aff; 3.sg.1.pl.excl.nfut.aff; 3.sg.1.pl.incl.nfut.aff; 3.sg.1.pl.incl.nfut.aff; 3.sg.1.pl.incl.nfut.aff; 3.pl.1.sg.nfut.aff; 3.pl.1.pl.excl.nfut.aff; 3.pl.1.pl.excl.nfut.aff; 3.pl.1.pl.excl.nfut.aff; 3.pl.1.pl.incl.nfut.aff; 3.pl.1.pl.incl.nfut.aff; 3.sg.2.sg.nfut.aff; 3.sg.2.sg.nfut.aff; 3.sg.2.pl.nfut.aff; 3.sg.2.pl.nfut.aff; 3.pl.2.sg.nfut.aff; 3.pl.2.sg.nfut.aff; 3.pl.2.pl.nfut.aff; 3.pl.2.pl.nfut.aff; 3.sg.3.sg.nfut.aff; 3.sg.3.pl.nfut.aff; 3.pl.3.sg.nfut.aff; 3.pl.3.pl.nfut.aff; 3.pl.3.pl.nfut.aff,komnungthangtampak062; komnungthangtampak063; komnungthangtampak064; komnungthangtampak065; komnungthangtampak066; komnungthangtampak067; komnungthangtampak068; komnungthangtampak069; komnungthangtampak070; komnungthangtampak071; komnungthangtampak073; komnungthangtampak074; komnungthangtampak075; komnungthangtampak076; komnungthangtampak077; komnungthangtampak078; komnungthangtampak081; komnungthangtampak082; komnungthangtampak083; komnungthangtampak084; komnungthangtampak085; komnungthangtampak086; komnungthangtampak087; komnungthangtampak088; komnungthangtampak089; komnungthangtampak090; komnungthangtampak091; komnungthangtampak092; komnungthangtampak093; komnungthangtampak211; komnungthangtampak212; komnungthangtampak213; komnungthangtampak214; komnungthangtampak215; komnungthangtampak216; komnungthangtampak217; komnungthangtampak219; komnungthangtampak221; komnungthangtampak222; komnungthangtampak223; komnungthangtampak225; komnungthangtampak226; komnungthangtampak227; komnungthangtampak228; komnungthangtampak229; komnungthangtampak230; komnungthangtampak231; komnungthangtampak232; komnungthangtampak233; komnungthangtampak234; komnungthangtampak236; komnungthangtampak237; komnungthangtampak238; komnungthangtampak239; komnungthangtampak240,komnungthangtampak
komnungthangtampakM03,a n,pre,3.pl.2.pl.nfut.aff,komnungthangtampak235,komnungthangtampak
komnungthangtampakM04,a ŋ,post,1.sg.fut.aff; 1.pl.excl.fut.aff; 1.pl.incl.fut.aff; 1.sg.2.sg.fut.aff; 1.sg.2.sg.fut.aff; 1.sg.2.pl.fut.aff; 1.pl.excl.2.sg.fut.aff; 1.pl.excl.2.pl.fut.aff; 1.pl.excl.2.pl.fut.aff; 1.sg.3.sg.fut.aff; 1.sg.3.pl.fut.aff; 1.pl.excl.3.sg.fut.aff; 1.pl.incl.3.sg.fut.aff; 1.pl.excl.3.pl.fut.aff; 1.pl.incl.3.pl.fut.aff; 2.sg.1.sg.fut.aff; 2.sg.1.pl.excl.fut.aff; 2.pl.1.sg.fut.aff; 2.pl.1.pl.excl.fut.aff; 2.pl.1.pl.excl.fut.aff; 2.pl.1.pl.excl.fut.aff; 2.sg.3.sg.fut.aff; 2.sg.3.pl.fut.aff; 2.pl.3.sg.fut.aff; 2.pl.3.pl.fut.aff; 3.sg.fut.aff; 3.pl.fut.aff; 3.sg.1.sg.fut.aff; 3.sg.1.pl.excl.fut.aff; 3.sg.1.pl.incl.fut.aff; 3.pl.1.sg.fut.aff; 3.pl.1.sg.fut.aff; 3.pl.1.pl.excl.fut.aff; 3.pl.1.pl.excl.fut.aff; 3.pl.1.pl.incl.fut.aff; 3.sg.2.sg.fut.aff; 3.sg.2.pl.fut.aff; 3.pl.2.sg.fut.aff; 3.pl.2.pl.fut.aff; 3.pl.2.pl.fut.aff; 3.sg.3.sg.fut.aff; 3.sg.3.pl.fut.aff; 3.sg.3.pl.fut.aff; 3.pl.3.sg.fut.aff; 3.pl.3.pl.fut.aff; 1.sg.fut.neg; 1.sg.fut.neg; 1.pl.excl.fut.neg; 1.pl.incl.fut.neg; 1.sg.2.sg.fut.neg; 1.sg.2.pl.fut.neg; 1.sg.2.pl.fut.neg; 1.sg.3.pl.fut.neg; 1.pl.excl.2.sg.fut.neg; 1.pl.excl.2.pl.fut.neg; 1.sg.3.sg.fut.neg; 1.pl.excl.3.sg.fut.neg; 1.pl.incl.3.sg.fut.neg; 1.pl.incl.3.sg.fut.neg; 1.pl.excl.3.pl.fut.neg; 1.pl.incl.3.pl.fut.neg; 2.sg.1.sg.fut.neg; 2.sg.1.pl.excl.fut.neg; 2.pl.1.sg.fut.neg; 2.pl.1.pl.excl.fut.neg; 2.sg.3.sg.fut.neg; 2.sg.3.pl.fut.neg; 2.pl.3.sg.fut.neg; 2.pl.3.pl.fut.neg; 2.pl.3.pl.fut.neg; 3.pl.fut.neg; 3.sg.1.sg.fut.neg; 3.sg.1.pl.excl.fut.neg; 3.sg.1.pl.incl.fut.neg; 3.pl.1.pl.excl.fut.neg; 3.pl.1.pl.excl.fut.neg; 3.pl.1.pl.incl.fut.neg; 3.sg.2.sg.fut.neg; 3.sg.2.pl.fut.neg; 3.pl.2.sg.fut.neg; 3.pl.2.sg.fut.neg; 3.pl.2.pl.fut.neg; 3.sg.3.sg.fut.neg; 3.sg.3.pl.fut.neg; 3.pl.3.sg.fut.neg; 3.pl.3.pl.fut.neg; 1.sg.nfut.aff; 1.sg.nfut.neg; 1.sg.2.sg.nfut.neg; 1.sg.2.pl.nfut.neg; 1.pl.excl.2.pl.nfut.neg; 1.sg.3.sg.nfut.neg; 1.sg.3.pl.nfut.neg,komnungthangtampak009; komnungthangtampak011; komnungthangtampak013; komnungthangtampak015; komnungthangtampak016; komnungthangtampak017; komnungthangtampak019; komnungthangtampak022; komnungthangtampak024; komnungthangtampak025; komnungthangtampak027; komnungthangtampak029; komnungthangtampak031; komnungthangtampak032; komnungthangtampak034; komnungthangtampak039; komnungthangtampak042; komnungthangtampak045; komnungthangtampak049; komnungthangtampak050; komnungthangtampak051; komnungthangtampak053; komnungthangtampak055; komnungthangtampak057; komnungthangtampak058; komnungthangtampak060; komnungthangtampak061; komnungthangtampak062; komnungthangtampak064; komnungthangtampak066; komnungthangtampak068; komnungthangtampak069; komnungthangtampak071; komnungthangtampak072; komnungthangtampak074; komnungthangtampak076; komnungthangtampak078; komnungthangtampak081; komnungthangtampak083; komnungthangtampak084; komnungthangtampak086; komnungthangtampak088; komnungthangtampak089; komnungthangtampak090; komnungthangtampak092; komnungthangtampak094; komnungthangtampak095; komnungthangtampak096; komnungthangtampak098; komnungthangtampak100; komnungthangtampak102; komnungthangtampak103; komnungthangtampak106; komnungthangtampak108; komnungthangtampak111; komnungthangtampak113; komnungthangtampak115; komnungthangtampak117; komnungthangtampak118; komnungthangtampak119; komnungthangtampak121; komnungthangtampak126; komnungthangtampak128; komnungthangtampak130; komnungthangtampak132; komnungthangtampak134; komnungthangtampak136; komnungthangtampak138; komnungthangtampak140; komnungthangtampak141; komnungthangtampak144; komnungthangtampak145; komnungthangtampak147; komnungthangtampak149; komnungthangtampak152; komnungthangtampak153; komnungthangtampak154; komnungthangtampak156; komnungthangtampak158; komnungthangtampak160; komnungthangtampak161; komnungthangtampak162; komnungthangtampak164; komnungthangtampak166; komnungthangtampak168; komnungthangtampak169; komnungthangtampak172; komnungthangtampak241; komnungthangtampak245; komnungthangtampak247; komnungthangtampak250; komnungthangtampak255; komnungthangtampak257,komnungthangtampak
komnungthangtampakM05,ai,post,1.sg.3.pl.fut.aff; 1.sg.3.pl.fut.aff; 1.pl.excl.3.pl.fut.aff; 1.pl.excl.3.pl.fut.aff; 1.pl.incl.3.pl.fut.aff; 1.pl.incl.3.pl.fut.aff; 1.pl.incl.3.pl.fut.aff; 2.sg.3.pl.fut.aff; 2.sg.3.pl.fut.aff; 2.pl.3.pl.fut.aff; 2.pl.3.pl.fut.aff; 3.pl.fut.aff; 3.sg.2.pl.fut.aff; 3.sg.3.pl.fut.aff; 3.pl.3.pl.fut.aff; 3.pl.3.pl.fut.aff; 1.sg.3.pl.fut.neg; 1.sg.3.pl.fut.neg; 1.pl.excl.3.pl.fut.neg; 1.pl.excl.3.pl.fut.neg; 1.pl.incl.3.pl.fut.neg; 1.pl.incl.3.pl.fut.neg; 1.pl.incl.3.pl.fut.neg; 2.sg.3.pl.fut.neg; 2.sg.3.pl.fut.neg; 2.pl.3.pl.fut.neg; 2.pl.3.pl.fut.neg; 2.pl.3.pl.fut.neg; 3.pl.fut.neg; 3.pl.1.sg.fut.neg; 3.pl.1.pl.excl.fut.neg; 3.pl.1.pl.excl.fut.neg; 3.pl.1.pl.incl.fut.neg; 3.pl.1.pl.incl.fut.neg; 3.sg.2.pl.fut.neg; 3.pl.2.sg.fut.neg; 3.pl.2.sg.fut.neg; 3.pl.2.pl.fut.neg; 3.pl.2.pl.fut.neg; 3.sg.3.pl.fut.neg; 3.sg.3.pl.fut.neg; 3.pl.3.sg.fut.neg; 3.pl.3.pl.fut.neg; 3.pl.3.pl.fut.neg; 1.sg.3.pl.nfut.aff; 1.pl.excl.3.pl.nfut.aff; 1.pl.incl.3.pl.nfut.aff; 2.sg.3.pl.nfut.aff; 2.pl.3.pl.nfut.aff; 3.pl.nfut.aff; 3.sg.3.pl.nfut.aff; 3.pl.3.pl.nfut.aff; 1.sg.3.pl.nfut.neg; 1.sg.3.pl.nfut.neg; 1.pl.excl.3.pl.nfut.neg; 1.pl.excl.3.pl.nfut.neg; 1.pl.incl.3.pl.nfut.neg; 1.pl.incl.3.pl.nfut.neg; 2.sg.3.pl.nfut.neg; 2.pl.3.pl.nfut.neg; 2.pl.3.pl.nfut.neg; 3.pl.nfut.neg; 3.pl.1.sg.nfut.neg; 3.pl.1.pl.excl.nfut.neg; 3.pl.1.pl.excl.nfut.neg; 3.pl.1.pl.incl.nfut.neg; 3.pl.2.sg.nfut.neg; 3.pl.2.pl.nfut.neg; 3.sg.3.pl.nfut.neg; 3.pl.3.sg.nfut.neg; 3.pl.3.pl.nfut.neg,komnungthangtampak027; komnungthangtampak028; komnungthangtampak032; komnungthangtampak033; komnungthangtampak034; komnungthangtampak035; komnungthangtampak036; komnungthangtampak055; komnungthangtampak056; komnungthangtampak058; komnungthangtampak059; komnungthangtampak061; komnungthangtampak079; komnungthangtampak088; komnungthangtampak092; komnungthangtampak093; komnungthangtampak106; komnungthangtampak107; komnungthangtampak119; komnungthangtampak120; komnungthangtampak121; komnungthangtampak122; komnungthangtampak123; komnungthangtampak136; komnungthangtampak137; komnungthangtampak140; komnungthangtampak141; komnungthangtampak142; komnungthangtampak144; komnungthangtampak151; komnungthangtampak152; komnungthangtampak153; komnungthangtampak154; komnungthangtampak155; komnungthangtampak159; komnungthangtampak160; komnungthangtampak161; komnungthangtampak162; komnungthangtampak163; komnungthangtampak166; komnungthangtampak167; komnungthangtampak168; komnungthangtampak169; komnungthangtampak170; komnungthangtampak187; komnungthangtampak190; komnungthangtampak193; komnungthangtampak206; komnungthangtampak208; komnungthangtampak210; komnungthangtampak237; komnungthangtampak239; komnungthangtampak257; komnungthangtampak258; komnungthangtampak264; komnungthangtampak265; komnungthangtampak266; komnungthangtampak267; komnungthangtampak278; komnungthangtampak281; komnungthangtampak282; komnungthangtampak284; komnungthangtampak288; komnungthangtampak289; komnungthangtampak290; komnungthangtampak291; komnungthangtampak295; komnungthangtampak296; komnungthangtampak298; komnungthangtampak299; komnungthangtampak300,komnungthangtampak
komnungthangtampakM06,e ŋ,post,2.sg.1.sg.fut.aff; 2.sg.1.sg.nfut.aff; 2.pl.1.sg.nfut.aff,komnungthangtampak041; komnungthangtampak197; komnungthangtampak201,komnungthangtampak
komnungthangtampakM07,ei,free,1.pl.incl,komnungthangtampak003,komnungthangtampak
komnungthangtampakM08,i,pre,3.pl.1.pl.excl.fut.aff; 3.pl.1.sg.nfut.aff; 3.pl.1.pl.excl.nfut.aff; 3.pl.1.pl.incl.nfut.aff,komnungthangtampak072; komnungthangtampak218; komnungthangtampak220; komnungthangtampak224,komnungthangtampak
komnungthangtampakM09,i n,free,3.pl,komnungthangtampak008,komnungthangtampak
komnungthangtampakM10,i ŋ,post,1.sg.2.sg.fut.neg; 1.sg.2.pl.fut.neg; 1.sg.3.pl.fut.neg; 1.pl.excl.2.sg.fut.neg; 1.sg.3.sg.fut.neg; 2.pl.1.sg.fut.neg; 1.sg.nfut.aff; 1.sg.2.sg.nfut.neg; 1.sg.3.sg.nfut.neg; 1.sg.3.pl.nfut.neg,komnungthangtampak101; komnungthangtampak105; komnungthangtampak107; komnungthangtampak110; komnungthangtampak114; komnungthangtampak131; komnungthangtampak171; komnungthangtampak246; komnungthangtampak256; komnungthangtampak258,komnungthangtampak
komnungthangtampakM11,k a,pre,1.sg.fut.aff; 1.sg.fut.aff; 1.pl.excl.fut.aff; 1.pl.excl.fut.aff; 1.pl.incl.fut.aff; 1.sg.2.sg.fut.aff; 1.sg.2.sg.fut.aff; 1.sg.2.pl.fut.aff; 1.sg.2.pl.fut.aff; 1.pl.excl.2.sg.fut.aff; 1.pl.excl.2.sg.fut.aff; 1.pl.excl.2.sg.fut.aff; 1.pl.excl.2.pl.fut.aff; 1.pl.excl.2.pl.fut.aff; 1.pl.excl.2.pl.fut.aff; 1.sg.3.sg.fut.aff; 1.sg.3.sg.fut.aff; 1.sg.3.pl.fut.aff; 1.sg.3.pl.fut.aff; 1.pl.excl.3.sg.fut.aff; 1.pl.excl.3.sg.fut.aff; 1.pl.excl.3.pl.fut.aff; 1.pl.excl.3.pl.fut.aff; 1.pl.incl.3.pl.fut.aff; 2.sg.fut.aff; 2.pl.fut.aff; 3.sg.fut.aff; 3.pl.fut.aff; 1.sg.nfut.aff; 1.sg.nfut.aff; 1.pl.excl.nfut.aff; 1.pl.incl.nfut.aff; 1.sg.2.sg.nfut.aff; 1.sg.2.sg.nfut.aff; 1.sg.2.pl.nfut.aff; 1.sg.2.pl.nfut.aff; 1.sg.2.pl.nfut.aff; 1.pl.excl.2.sg.nfut.aff; 1.pl.excl.2.sg.nfut.aff; 1.pl.excl.2.pl.nfut.aff; 1.pl.excl.2.pl.nfut.aff; 1.pl.excl.2.pl.nfut.aff; 1.sg.3.sg.nfut.aff; 1.sg.3.sg.nfut.aff; 1.sg.3.pl.nfut.aff; 1.pl.excl.3.sg.nfut.aff; 1.pl.excl.3.pl.nfut.aff; 1.pl.excl.3.pl.nfut.aff; 1.pl.excl.3.pl.nfut.aff; 2.sg.nfut.aff; 2.pl.nfut.aff; 3.sg.nfut.aff; 3.pl.nfut.aff,komnungthangtampak009; komnungthangtampak010; komnungthangtampak011; komnungthangtampak012; komnungthangtampak013; komnungthangtampak015; komnungthangtampak016; komnungthangtampak017; komnungthangtampak018; komnungthangtampak019; komnungthangtampak020; komnungthangtampak021; komnungthangtampak022; komnungthangtampak023; komnungthangtampak024; komnungthangtampak025; komnungthangtampak026; komnungthangtampak027; komnungthangtampak028; komnungthangtampak029; komnungthangtampak030; komnungthangtampak032; komnungthangtampak033; komnungthangtampak036; komnungthangtampak037; komnungthangtampak038; komnungthangtampak060; komnungthangtampak061; komnungthangtampak171; komnungthangtampak172; komnungthangtampak173; komnungthangtampak174; komnungthangtampak175; komnungthangtampak176; komnungthangtampak177; komnungthangtampak178; komnungthangtampak179; komnungthangtampak180; komnungthangtampak181; komnungthangtampak182; komnungthangtampak183; komnungthangtampak184; komnungthangtampak185; komnungthangtampak186; komnungthangtampak187; komnungthangtampak188; komnungthangtampak190; komnungthangtampak191; komnungthangtampak192; komnungthangtampak194; komnungthangtampak195; komnungthangtampak209; komnungthangtampak210,komnungthangtampak
komnungthangtampakM12,k ei,free,1.sg; 1.pl.excl,komnungthangtampak001; komnungthangtampak002,komnungthangtampak
komnungthangtampakM13,m,post,1.sg.fut.neg; 1.sg.fut.neg; 1.pl.excl.fut.neg; 1.pl.excl.fut.neg; 1.sg.2.sg.fut.neg; 1.sg.2.sg.fut.neg; 1.sg.2.pl.fut.neg; 1.sg.2.pl.fut.neg; 1.sg.2.pl.fut.neg; 1.sg.3.pl.fut.neg; 1.sg.3.pl.fut.neg; 1.pl.excl.2.sg.fut.neg; 1.pl.excl.2.pl.fut.neg; 1.sg.3.sg.fut.neg; 1.sg.3.sg.fut.neg; 1.pl.excl.3.sg.fut.neg; 1.pl.incl.3.pl.fut.neg; 1.sg.nfut.neg; 1.pl.excl.nfut.neg; 1.sg.2.sg.nfut.neg; 1.sg.2.sg.nfut.neg; 1.sg.2.pl.nfut.neg; 1.pl.excl.2.sg.nfut.neg; 1.pl.excl.2.pl.nfut.neg; 1.pl.excl.2.pl.nfut.neg; 1.pl.excl.2.pl.nfut.neg; 1.sg.3.sg.nfut.neg; 1.sg.3.sg.nfut.neg; 1.sg.3.pl.nfut.neg; 1.sg.3.pl.nfut.neg; 1.pl.excl.3.sg.nfut.neg; 1.pl.excl.3.pl.nfut.neg,komnungthangtampak094; komnungthangtampak095; komnungthangtampak096; komnungthangtampak097; komnungthangtampak100; komnungthangtampak101; komnungthangtampak102; komnungthangtampak103; komnungthangtampak105; komnungthangtampak106; komnungthangtampak107; komnungthangtampak109; komnungthangtampak112; komnungthangtampak113; komnungthangtampak114; komnungthangtampak116; komnungthangtampak122; komnungthangtampak241; komnungthangtampak243; komnungthangtampak245; komnungthangtampak246; komnungthangtampak247; komnungthangtampak249; komnungthangtampak250; komnungthangtampak251; komnungthangtampak253; komnungthangtampak255; komnungthangtampak256; komnungthangtampak257; komnungthangtampak258; komnungthangtampak260; komnungthangtampak265,komnungthangtampak
komnungthangtampakM14,m a,free,3.sg; 3.pl,komnungthangtampak006; komnungthangtampak007,komnungthangtampak
komnungthangtampakM15,m a k,post,1.pl.incl.fut.neg; 1.pl.incl.fut.neg; 1.pl.excl.2.sg.fut.neg; 1.pl.excl.2.sg.fut.neg; 1.pl.excl.2.pl.fut.neg; 1.pl.excl.3.sg.fut.neg; 1.pl.incl.3.sg.fut.neg; 1.pl.incl.3.sg.fut.neg; 1.pl.incl.3.pl.fut.neg; 1.pl.incl.3.pl.fut.neg; 2.sg.fut.neg; 2.pl.fut.neg; 2.sg.1.sg.fut.neg; 2.sg.1.sg.fut.neg; 2.sg.1.pl.excl.fut.neg; 2.sg.1.pl.excl.fut.neg; 2.pl.1.sg.fut.neg; 2.pl.1.sg.fut.neg; 2.pl.1.pl.excl.fut.neg; 2.pl.1.pl.excl.fut.neg; 2.sg.3.sg.fut.neg; 2.sg.3.sg.fut.neg; 2.sg.3.pl.fut.neg; 2.sg.3.pl.fut.neg; 2.pl.3.sg.fut.neg; 2.pl.3.sg.fut.neg; 2.pl.3.pl.fut.neg; 2.pl.3.pl.fut.neg; 2.pl.3.pl.fut.neg; 3.sg.fut.neg; 3.pl.fut.neg; 3.sg.1.sg.fut.neg; 3.sg.1.sg.fut.neg; 3.sg.1.pl.excl.fut.neg; 3.sg.1.pl.excl.fut.neg; 3.sg.1.pl.incl.fut.neg; 3.sg.1.pl.incl.fut.neg; 3.pl.1.sg.fut.neg; 3.pl.1.pl.excl.fut.neg; 3.pl.1.pl.excl.fut.neg; 3.pl.1.pl.incl.fut.neg; 3.pl.1.pl.incl.fut.neg; 3.sg.2.sg.fut.neg; 3.sg.2.sg.fut.neg; 3.sg.2.pl.fut.neg; 3.pl.2.sg.fut.neg; 3.pl.2.sg.fut.neg; 3.pl.2.pl.fut.neg; 3.pl.2.pl.fut.neg; 3.sg.3.sg.fut.neg; 3.sg.3.sg.fut.neg; 3.sg.3.pl.fut.neg; 3.sg.3.pl.fut.neg; 3.pl.3.sg.fut.neg; 3.pl.3.pl.fut.neg; 3.pl.3.pl.fut.neg; 1.pl.excl.nfut.neg; 1.pl.incl.nfut.neg; 1.sg.2.pl.nfut.neg; 1.pl.excl.2.pl.nfut.neg; 1.pl.excl.2.pl.nfut.neg; 1.pl.excl.3.sg.nfut.neg; 1.pl.incl.3.sg.nfut.neg; 1.pl.incl.3.sg.nfut.neg; 1.pl.incl.3.sg.nfut.neg; 1.pl.excl.3.pl.nfut.neg; 1.pl.incl.3.pl.nfut.neg; 1.pl.incl.3.pl.nfut.neg; 2.sg.nfut.neg; 2.pl.nfut.neg; 2.pl.nfut.neg; 2.sg.1.sg.nfut.neg; 2.sg.1.pl.excl.nfut.neg; 2.pl.1.sg.nfut.neg; 2.pl.1.sg.nfut.neg; 2.pl.1.pl.excl.nfut.neg; 2.pl.1.pl.excl.nfut.neg; 2.sg.3.sg.nfut.neg; 2.sg.3.pl.nfut.neg; 2.pl.3.sg.nfut.neg; 2.pl.3.sg.nfut.neg; 2.pl.3.pl.nfut.neg; 2.pl.3.pl.nfut.neg; 3.sg.nfut.neg; 3.pl.nfut.neg; 3.sg.1.sg.nfut.neg; 3.sg.1.pl.excl.nfut.neg; 3.sg.1.pl.incl.nfut.neg; 3.pl.1.sg.nfut.neg; 3.pl.1.pl.excl.nfut.neg; 3.pl.1.pl.excl.nfut.neg; 3.pl.1.pl.incl.nfut.neg; 3.sg.2.sg.nfut.neg; 3.sg.2.pl.nfut.neg; 3.sg.2.pl.nfut.neg; 3.pl.2.sg.nfut.neg; 3.pl.2.pl.nfut.neg; 3.sg.3.sg.nfut.neg; 3.sg.3.pl.nfut.neg; 3.pl.3.sg.nfut.neg; 3.pl.3.pl.nfut.neg,komnungthangtampak098; komnungthangtampak099; komnungthangtampak108; komnungthangtampak110; komnungthangtampak111; komnungthangtampak115; komnungthangtampak117; komnungthangtampak118; komnungthangtampak121; komnungthangtampak123; komnungthangtampak124; komnungthangtampak125; komnungthangtampak126; komnungthangtampak127; komnungthangtampak128; komnungthangtampak129; komnungthangtampak130; komnungthangtampak131; komnungthangtampak132; komnungthangtampak133; komnungthangtampak134; komnungthangtampak135; komnungthangtampak136; komnungthangtampak137; komnungthangtampak138; komnungthangtampak139; komnungthangtampak140; komnungthangtampak141; komnungthangtampak142; komnungthangtampak143; komnungthangtampak144; komnungthangtampak145; komnungthangtampak146; komnungthangtampak147; komnungthangtampak148; komnungthangtampak149; komnungthangtampak150; komnungthangtampak151; komnungthangtampak152; komnungthangtampak153; komnungthangtampak154; komnungthangtampak155; komnungthangtampak156; komnungthangtampak157; komnungthangtampak158; komnungthangtampak160; komnungthangtampak161; komnungthangtampak162; komnungthangtampak163; komnungthangtampak164; komnungthangtampak165; komnungthangtampak166; komnungthangtampak167; komnungthangtampak168; komnungthangtampak169; komnungthangtampak170; komnungthangtampak242; komnungthangtampak244; komnungthangtampak248; komnungthangtampak252; komnungthangtampak254; komnungthangtampak259; komnungthangtampak261; komnungthangtampak262; komnungthangtampak263; komnungthangtampak264; komnungthangtampak266; komnungthangtampak267; komnungthangtampak268; komnungthangtampak269; komnungthangtampak270; komnungthangtampak271; komnungthangtampak272; komnungthangtampak273; komnungthangtampak274; komnungthangtampak275; komnungthangtampak276; komnungthangtampak277; komnungthangtampak278; komnungthangtampak279; komnungthangtampak280; komnungthangtampak281; komnungthangtampak282; komnungthangtampak283; komnungthangtampak284; komnungthangtampak285; komnungthangtampak286; komnungthangtampak287; komnungthangtampak288; komnungthangtampak289; komnungthangtampak290; komnungthangtampak291; komnungthangtampak292; komnungthangtampak293; komnungthangtampak294; komnungthangtampak295; komnungthangtampak296; komnungthangtampak297; komnungthangtampak298; komnungthangtampak299; komnungthangtampak300,komnungthangtampak
komnungthangtampakM16,m ai,post,3.sg.2.pl.fut.neg,komnungthangtampak159,komnungthangtampak
komnungthangtampakM17,m e,post,1.pl.incl.3.sg.fut.neg; 1.pl.incl.3.pl.fut.neg; 3.sg.1.pl.incl.nfut.aff; 1.pl.incl.3.sg.nfut.neg; 1.pl.incl.3.pl.nfut.neg,komnungthangtampak117; komnungthangtampak121; komnungthangtampak216; komnungthangtampak262; komnungthangtampak266,komnungthangtampak
komnungthangtampakM18,m i,post,1.pl.incl.fut.aff; 1.pl.incl.fut.aff; 3.pl.1.pl.incl.fut.aff; 1.pl.incl.fut.neg; 1.pl.incl.fut.neg; 1.pl.incl.3.sg.fut.neg; 1.pl.incl.nfut.aff; 3.sg.1.pl.incl.nfut.aff; 3.pl.1.pl.incl.nfut.aff; 3.pl.1.pl.incl.nfut.aff; 1.pl.incl.nfut.neg; 1.pl.incl.3.sg.nfut.neg,komnungthangtampak013; komnungthangtampak014; komnungthangtampak074; komnungthangtampak098; komnungthangtampak099; komnungthangtampak118; komnungthangtampak174; komnungthangtampak215; komnungthangtampak224; komnungthangtampak225; komnungthangtampak244; komnungthangtampak263,komnungthangtampak
komnungthangtampakM19,m u,post,1.sg.2.pl.fut.neg; 1.pl.excl.3.pl.fut.neg; 1.pl.excl.3.pl.fut.neg,komnungthangtampak104; komnungthangtampak119; komnungthangtampak120,komnungthangtampak
komnungthangtampakM20,n,free,3.pl,komnungthangtampak007,komnungthangtampak
komnungthangtampakM21,n,post,1.pl.excl.2.sg.fut.neg; 2.pl.1.sg.fut.neg,komnungthangtampak110; komnungthangtampak131,komnungthangtampak
komnungthangtampakM22,n,pre,1.sg.2.pl.fut.aff; 1.pl.excl.2.sg.fut.aff; 1.pl.excl.2.sg.fut.aff; 1.pl.excl.2.sg.fut.aff; 1.pl.excl.2.pl.fut.aff; 1.pl.excl.2.pl.fut.aff; 1.pl.excl.2.pl.fut.aff; 1.pl.excl.3.sg.fut.aff; 1.pl.excl.3.sg.fut.aff; 1.pl.excl.3.pl.fut.aff; 1.pl.excl.3.pl.fut.aff; 1.pl.incl.3.pl.fut.aff; 2.sg.1.sg.fut.aff; 2.sg.1.pl.excl.fut.aff; 2.pl.1.sg.fut.aff; 2.pl.1.sg.fut.aff; 2.pl.1.sg.fut.aff; 2.pl.1.sg.fut.aff; 2.pl.1.pl.excl.fut.aff; 2.pl.1.pl.excl.fut.aff; 2.pl.1.pl.excl.fut.aff; 2.pl.1.pl.excl.fut.aff; 2.pl.3.sg.fut.aff; 2.pl.3.pl.fut.aff; 2.pl.3.pl.fut.aff; 3.pl.1.sg.fut.aff; 3.pl.1.sg.fut.aff; 3.pl.1.sg.fut.aff; 3.pl.1.pl.excl.fut.aff; 3.pl.1.pl.excl.fut.aff; 3.pl.1.pl.excl.fut.aff; 3.pl.1.pl.incl.fut.aff; 3.pl.1.pl.incl.fut.aff; 3.pl.2.sg.fut.aff; 3.pl.2.sg.fut.aff; 3.pl.2.pl.fut.aff; 3.pl.2.pl.fut.aff; 3.pl.2.pl.fut.aff; 3.pl.3.sg.fut.aff; 3.pl.3.sg.fut.aff; 3.pl.3.pl.fut.aff; 3.pl.3.pl.fut.aff; 1.pl.excl.2.sg.nfut.aff; 1.pl.excl.2.sg.nfut.aff; 1.pl.excl.2.pl.nfut.aff; 1.pl.excl.2.pl.nfut.aff; 1.pl.excl.2.pl.nfut.aff; 1.pl.excl.3.sg.nfut.aff; 1.pl.excl.3.pl.nfut.aff; 1.pl.excl.3.pl.nfut.aff; 1.pl.excl.3.pl.nfut.aff; 2.pl.1.sg.nfut.aff; 2.pl.1.sg.nfut.aff; 2.pl.1.pl.excl.nfut.aff; 2.pl.3.sg.nfut.aff; 2.pl.3.pl.nfut.aff; 3.pl.1.sg.nfut.aff; 3.pl.1.sg.nfut.aff; 3.pl.1.pl.excl.nfut.aff; 3.pl.1.pl.excl.nfut.aff; 3.pl.1.pl.excl.nfut.aff; 3.pl.1.pl.excl.nfut.aff; 3.pl.1.pl.incl.nfut.aff; 3.pl.1.pl.incl.nfut.aff; 3.pl.1.pl.incl.nfut.aff; 3.pl.2.sg.nfut.aff; 3.pl.2.sg.nfut.aff; 3.pl.2.pl.nfut.aff; 3.pl.2.pl.nfut.aff; 3.pl.3.sg.nfut.aff; 3.pl.3.pl.nfut.aff; 3.pl.3.pl.nfut.aff; 2.pl.1.pl.excl.nfut.neg,komnungthangtampak018; komnungthangtampak019; komnungthangtampak020; komnungthangtampak021; komnungthangtampak022; komnungthangtampak023; komnungthangtampak024; komnungthangtampak029; komnungthangtampak030; komnungthangtampak032; komnungthangtampak033; komnungthangtampak036; komnungthangtampak040; komnungthangtampak043; komnungthangtampak045; komnungthangtampak046; komnungthangtampak047; komnungthangtampak048; komnungthangtampak049; komnungthangtampak050; komnungthangtampak051; komnungthangtampak052; komnungthangtampak057; komnungthangtampak058; komnungthangtampak059; komnungthangtampak068; komnungthangtampak069; komnungthangtampak070; komnungthangtampak071; komnungthangtampak072; komnungthangtampak073; komnungthangtampak074; komnungthangtampak075; komnungthangtampak081; komnungthangtampak082; komnungthangtampak083; komnungthangtampak084; komnungthangtampak085; komnungthangtampak090; komnungthangtampak091; komnungthangtampak092; komnungthangtampak093; komnungthangtampak180; komnungthangtampak181; komnungthangtampak182; komnungthangtampak183; komnungthangtampak184; komnungthangtampak188; komnungthangtampak190; komnungthangtampak191; komnungthangtampak192; komnungthangtampak200; komnungthangtampak201; komnungthangtampak202; komnungthangtampak207; komnungthangtampak208; komnungthangtampak218; komnungthangtampak219; komnungthangtampak220; komnungthangtampak221; komnungthangtampak222; komnungthangtampak223; komnungthangtampak224; komnungthangtampak225; komnungthangtampak226; komnungthangtampak231; komnungthangtampak232; komnungthangtampak233; komnungthangtampak234; komnungthangtampak238; komnungthangtampak239; komnungthangtampak240; komnungthangtampak275,komnungthangtampak
komnungthangtampakM23,n a,pre,1.sg.2.sg.fut.aff; 1.sg.2.sg.fut.aff; 1.sg.2.pl.fut.aff; 1.pl.excl.2.sg.fut.aff; 1.pl.excl.2.sg.fut.aff; 1.pl.excl.2.pl.fut.aff; 1.pl.excl.2.pl.fut.aff; 1.pl.excl.2.pl.fut.aff; 2.sg.1.sg.fut.aff; 2.sg.1.sg.fut.aff; 2.sg.1.sg.fut.aff; 2.sg.1.pl.excl.fut.aff; 2.sg.1.pl.excl.fut.aff; 2.sg.1.pl.excl.fut.aff; 2.pl.1.sg.fut.aff; 2.pl.1.sg.fut.aff; 2.pl.1.sg.fut.aff; 2.pl.1.sg.fut.aff; 2.pl.1.pl.excl.fut.aff; 2.pl.1.pl.excl.fut.aff; 2.pl.1.pl.excl.fut.aff; 2.pl.1.pl.excl.fut.aff; 2.sg.3.sg.fut.aff; 2.sg.3.sg.fut.aff; 2.sg.3.pl.fut.aff; 2.sg.3.pl.fut.aff; 2.pl.3.sg.fut.aff; 2.pl.3.pl.fut.aff; 2.pl.3.pl.fut.aff; 3.sg.1.sg.fut.aff; 3.sg.1.pl.excl.fut.aff; 3.pl.1.sg.fut.aff; 3.pl.1.sg.fut.aff; 3.pl.1.pl.excl.fut.aff; 3.pl.1.pl.excl.fut.aff; 3.pl.1.pl.incl.fut.aff; 3.sg.2.sg.fut.aff; 3.sg.2.pl.fut.aff; 3.sg.2.pl.fut.aff; 3.sg.2.pl.fut.aff; 3.pl.2.sg.fut.aff; 3.pl.2.pl.fut.aff; 1.sg.2.sg.fut.neg; 1.sg.2.sg.fut.neg; 1.sg.2.pl.fut.neg; 1.sg.2.pl.fut.neg; 1.sg.2.pl.fut.neg; 1.sg.2.pl.fut.neg; 1.pl.excl.2.sg.fut.neg; 1.pl.excl.2.sg.fut.neg; 1.pl.excl.2.sg.fut.neg; 1.pl.excl.2.pl.fut.neg; 1.pl.excl.2.pl.fut.neg; 1.pl.incl.3.pl.fut.neg; 2.sg.1.sg.fut.neg; 2.sg.1.sg.fut.neg; 2.sg.1.pl.excl.fut.neg; 2.sg.1.pl.excl.fut.neg; 2.pl.1.sg.fut.neg; 2.pl.1.sg.fut.neg; 2.pl.1.pl.excl.fut.neg; 2.pl.1.pl.excl.fut.neg; 3.sg.1.sg.fut.neg; 3.sg.1.sg.fut.neg; 3.sg.1.pl.excl.fut.neg; 3.sg.1.pl.excl.fut.neg; 3.sg.1.pl.incl.fut.neg; 3.sg.1.pl.incl.fut.neg; 3.pl.1.sg.fut.neg; 3.pl.1.pl.excl.fut.neg; 3.pl.1.pl.excl.fut.neg; 3.pl.1.pl.incl.fut.neg; 3.pl.1.pl.incl.fut.neg; 3.sg.2.sg.fut.neg; 3.sg.2.sg.fut.neg; 3.sg.2.pl.fut.neg; 3.pl.2.sg.fut.neg; 3.pl.2.sg.fut.neg; 3.pl.2.pl.fut.neg; 3.pl.2.pl.fut.neg; 1.sg.2.sg.nfut.aff; 1.sg.2.pl.nfut.aff; 1.pl.excl.2.sg.nfut.aff; 1.pl.excl.2.pl.nfut.aff; 2.sg.1.sg.nfut.aff; 2.sg.1.sg.nfut.aff; 2.sg.1.pl.excl.nfut.aff; 2.sg.1.pl.excl.nfut.aff; 2.pl.1.sg.nfut.aff; 2.pl.1.sg.nfut.aff; 2.pl.1.pl.excl.nfut.aff; 2.pl.1.pl.excl.nfut.aff; 2.sg.3.sg.nfut.aff; 2.sg.3.pl.nfut.aff; 2.pl.3.sg.nfut.aff; 2.pl.3.pl.nfut.aff; 3.sg.1.sg.nfut.aff; 3.sg.1.pl.excl.nfut.aff; 3.sg.1.pl.incl.nfut.aff; 3.sg.1.pl.incl.nfut.aff; 3.pl.1.sg.nfut.aff; 3.pl.1.pl.excl.nfut.aff; 3.pl.1.pl.excl.nfut.aff; 3.pl.1.pl.incl.nfut.aff; 3.pl.1.pl.incl.nfut.aff; 3.sg.2.sg.nfut.aff; 3.sg.2.pl.nfut.aff; 3.pl.2.sg.nfut.aff; 3.pl.2.pl.nfut.aff; 1.sg.2.sg.nfut.neg; 1.sg.2.sg.nfut.neg; 1.sg.2.pl.nfut.neg; 1.pl.excl.2.sg.nfut.neg; 1.pl.excl.2.pl.nfut.neg; 1.pl.excl.2.pl.nfut.neg; 1.pl.excl.2.pl.nfut.neg; 1.pl.excl.2.pl.nfut.neg; 1.pl.incl.3.pl.nfut.neg; 2.sg.1.sg.nfut.neg; 2.sg.1.pl.excl.nfut.neg; 2.pl.1.sg.nfut.neg; 2.pl.1.sg.nfut.neg; 2.pl.1.pl.excl.nfut.neg; 2.pl.1.pl.excl.nfut.neg; 3.sg.1.sg.nfut.neg; 3.sg.1.pl.excl.nfut.neg; 3.sg.1.pl.incl.nfut.neg; 3.pl.1.sg.nfut.neg; 3.pl.1.pl.excl.nfut.neg; 3.pl.1.pl.incl.nfut.neg; 3.sg.2.sg.nfut.neg; 3.sg.2.pl.nfut.neg; 3.sg.2.pl.nfut.neg; 3.pl.2.sg.nfut.neg; 3.pl.2.pl.nfut.neg,komnungthangtampak015; komnungthangtampak016; komnungthangtampak017; komnungthangtampak019; komnungthangtampak020; komnungthangtampak022; komnungthangtampak023; komnungthangtampak024; komnungthangtampak039; komnungthangtampak040; komnungthangtampak041; komnungthangtampak042; komnungthangtampak043; komnungthangtampak044; komnungthangtampak045; komnungthangtampak046; komnungthangtampak047; komnungthangtampak048; komnungthangtampak049; komnungthangtampak050; komnungthangtampak051; komnungthangtampak052; komnungthangtampak053; komnungthangtampak054; komnungthangtampak055; komnungthangtampak056; komnungthangtampak057; komnungthangtampak058; komnungthangtampak059; komnungthangtampak062; komnungthangtampak064; komnungthangtampak068; komnungthangtampak069; komnungthangtampak071; komnungthangtampak072; komnungthangtampak074; komnungthangtampak076; komnungthangtampak078; komnungthangtampak079; komnungthangtampak080; komnungthangtampak081; komnungthangtampak083; komnungthangtampak100; komnungthangtampak101; komnungthangtampak102; komnungthangtampak103; komnungthangtampak104; komnungthangtampak105; komnungthangtampak108; komnungthangtampak109; komnungthangtampak110; komnungthangtampak111; komnungthangtampak112; komnungthangtampak123; komnungthangtampak126; komnungthangtampak127; komnungthangtampak128; komnungthangtampak129; komnungthangtampak130; komnungthangtampak131; komnungthangtampak132; komnungthangtampak133; komnungthangtampak145; komnungthangtampak146; komnungthangtampak147; komnungthangtampak148; komnungthangtampak149; komnungthangtampak150; komnungthangtampak151; komnungthangtampak152; komnungthangtampak153; komnungthangtampak154; komnungthangtampak155; komnungthangtampak156; komnungthangtampak157; komnungthangtampak158; komnungthangtampak160; komnungthangtampak161; komnungthangtampak162; komnungthangtampak163; komnungthangtampak175; komnungthangtampak177; komnungthangtampak180; komnungthangtampak182; komnungthangtampak196; komnungthangtampak197; komnungthangtampak198; komnungthangtampak199; komnungthangtampak200; komnungthangtampak201; komnungthangtampak202; komnungthangtampak203; komnungthangtampak205; komnungthangtampak206; komnungthangtampak207; komnungthangtampak208; komnungthangtampak211; komnungthangtampak213; komnungthangtampak215; komnungthangtampak216; komnungthangtampak218; komnungthangtampak220; komnungthangtampak221; komnungthangtampak224; komnungthangtampak225; komnungthangtampak227; komnungthangtampak229; komnungthangtampak231; komnungthangtampak233; komnungthangtampak245; komnungthangtampak246; komnungthangtampak247; komnungthangtampak249; komnungthangtampak250; komnungthangtampak251; komnungthangtampak252; komnungthangtampak253; komnungthangtampak267; komnungthangtampak271; komnungthangtampak272; komnungthangtampak273; komnungthangtampak274; komnungthangtampak275; komnungthangtampak276; komnungthangtampak285; komnungthangtampak286; komnungthangtampak287; komnungthangtampak288; komnungthangtampak289; komnungthangtampak291; komnungthangtampak292; komnungthangtampak293; komnungthangtampak294; komnungthangtampak295; komnungthangtampak296,komnungthangtampak
komnungthangtampakM24,n a n,pre,2.pl.1.pl.excl.nfut.aff; 2.pl.1.pl.excl.nfut.aff,komnungthangtampak203; komnungthangtampak204,komnungthangtampak
komnungthangtampakM25,n a ŋ,free,2.sg; 2.pl,komnungthangtampak004; komnungthangtampak005,komnungthangtampak
komnungthangtampakM26,n i,free,1.pl.excl; 1.pl.incl; 2.pl; 3.pl; 3.pl,komnungthangtampak002; komnungthangtampak003; komnungthangtampak005; komnungthangtampak007; komnungthangtampak008,komnungthangtampak
komnungthangtampakM27,n i,pre,1.pl.incl.3.sg.fut.aff; 1.pl.incl.3.pl.fut.aff; 1.pl.incl.3.pl.fut.aff; 2.sg.1.pl.excl.fut.aff; 2.pl.1.sg.fut.aff; 2.pl.1.pl.excl.fut.aff; 2.pl.1.pl.excl.fut.aff; 3.sg.1.sg.fut.aff; 3.sg.1.pl.excl.fut.aff; 3.sg.1.pl.incl.fut.aff; 3.sg.1.pl.incl.fut.aff; 3.pl.1.sg.fut.aff; 3.pl.1.pl.incl.fut.aff; 3.sg.2.sg.fut.aff; 3.pl.2.pl.fut.aff; 1.pl.excl.2.sg.nfut.aff; 1.pl.incl.3.sg.nfut.aff; 1.pl.incl.3.pl.nfut.aff; 2.pl.1.pl.excl.nfut.aff; 3.sg.1.sg.nfut.aff; 3.sg.1.pl.excl.nfut.aff; 3.sg.1.pl.incl.nfut.aff; 3.pl.1.sg.nfut.aff; 3.pl.1.pl.excl.nfut.aff; 3.sg.2.sg.nfut.aff; 3.sg.2.pl.nfut.aff; 3.pl.2.pl.nfut.aff,komnungthangtampak031; komnungthangtampak034; komnungthangtampak035; komnungthangtampak044; komnungthangtampak045; komnungthangtampak049; komnungthangtampak052; komnungthangtampak063; komnungthangtampak065; komnungthangtampak066; komnungthangtampak067; komnungthangtampak070; komnungthangtampak075; komnungthangtampak077; komnungthangtampak085; komnungthangtampak181; komnungthangtampak189; komnungthangtampak193; komnungthangtampak204; komnungthangtampak212; komnungthangtampak214; komnungthangtampak217; komnungthangtampak219; komnungthangtampak223; komnungthangtampak228; komnungthangtampak230; komnungthangtampak235,komnungthangtampak
komnungthangtampakM28,s i k,post,1.pl.excl.2.sg.fut.aff; 2.sg.1.sg.fut.aff; 2.pl.1.sg.fut.aff,komnungthangtampak021; komnungthangtampak041; komnungthangtampak047,komnungthangtampak
komnungthangtampakM29,tʃ e,post,1.sg.2.sg.fut.aff; 1.pl.excl.2.sg.fut.aff; 1.pl.excl.2.sg.fut.aff; 1.pl.excl.2.sg.fut.aff; 2.sg.fut.aff; 3.pl.2.sg.fut.aff; 3.pl.2.sg.fut.aff; 1.sg.2.sg.fut.neg; 2.sg.fut.neg; 2.sg.1.sg.fut.neg; 2.sg.1.sg.fut.neg; 2.sg.1.pl.excl.fut.neg; 2.sg.1.pl.excl.fut.neg; 2.sg.3.sg.fut.neg; 2.sg.3.sg.fut.neg; 2.sg.3.pl.fut.neg; 2.sg.3.pl.fut.neg; 3.sg.2.pl.fut.neg; 1.sg.2.sg.nfut.aff; 1.sg.2.sg.nfut.aff; 1.pl.excl.2.sg.nfut.aff; 2.sg.nfut.aff; 3.sg.2.sg.nfut.aff; 3.pl.2.sg.nfut.aff; 3.pl.2.sg.nfut.aff; 1.sg.2.sg.nfut.neg; 1.pl.excl.2.sg.nfut.neg; 2.sg.nfut.neg; 2.sg.1.sg.nfut.neg; 2.sg.1.pl.excl.nfut.neg; 2.sg.3.sg.nfut.neg; 2.sg.3.pl.nfut.neg,komnungthangtampak015; komnungthangtampak019; komnungthangtampak020; komnungthangtampak021; komnungthangtampak037; komnungthangtampak081; komnungthangtampak082; komnungthangtampak100; komnungthangtampak124; komnungthangtampak126; komnungthangtampak127; komnungthangtampak128; komnungthangtampak129; komnungthangtampak134; komnungthangtampak135; komnungthangtampak136; komnungthangtampak137; komnungthangtampak159; komnungthangtampak175; komnungthangtampak176; komnungthangtampak180; komnungthangtampak194; komnungthangtampak227; komnungthangtampak231; komnungthangtampak232; komnungthangtampak245; komnungthangtampak249; komnungthangtampak268; komnungthangtampak271; komnungthangtampak272; komnungthangtampak277; komnungthangtampak278,komnungthangtampak
komnungthangtampakM30,tʃ ei,post,1.pl.excl.2.pl.fut.aff; 2.pl.3.sg.fut.neg; 2.pl.3.pl.fut.neg; 2.pl.3.pl.fut.neg; 1.sg.2.pl.nfut.aff; 1.pl.excl.2.pl.nfut.aff; 1.pl.excl.2.pl.nfut.neg; 2.pl.nfut.neg; 2.pl.1.sg.nfut.neg; 2.pl.3.sg.nfut.neg; 2.pl.3.pl.nfut.neg,komnungthangtampak024; komnungthangtampak139; komnungthangtampak140; komnungthangtampak142; komnungthangtampak179; komnungthangtampak184; komnungthangtampak254; komnungthangtampak269; komnungthangtampak274; komnungthangtampak280; komnungthangtampak282,komnungthangtampak
komnungthangtampakM31,tʃ ui,post,1.sg.2.pl.fut.aff; 1.sg.2.pl.fut.aff; 1.pl.excl.2.pl.fut.aff; 1.pl.excl.2.pl.fut.aff; 2.pl.fut.aff; 3.sg.2.pl.fut.aff; 3.pl.2.pl.fut.aff; 3.pl.2.pl.fut.aff; 1.sg.2.pl.fut.neg; 1.sg.2.pl.fut.neg; 2.pl.fut.neg; 2.pl.1.sg.fut.neg; 2.pl.1.pl.excl.fut.neg; 2.pl.1.pl.excl.fut.neg; 2.pl.3.sg.fut.neg; 2.pl.3.pl.fut.neg; 3.sg.2.pl.fut.neg; 1.sg.2.pl.nfut.aff; 1.sg.2.pl.nfut.aff; 1.pl.excl.2.pl.nfut.aff; 1.pl.excl.2.pl.nfut.aff; 2.pl.nfut.aff; 3.sg.2.pl.nfut.aff; 3.pl.2.pl.nfut.aff; 3.pl.2.pl.nfut.aff; 1.sg.2.pl.nfut.neg; 1.sg.2.pl.nfut.neg; 1.pl.excl.2.pl.nfut.neg; 1.pl.excl.2.pl.nfut.neg; 1.pl.excl.2.pl.nfut.neg; 2.pl.nfut.neg; 2.pl.1.sg.nfut.neg; 2.pl.1.pl.excl.nfut.neg; 2.pl.3.sg.nfut.neg; 2.pl.3.pl.nfut.neg,komnungthangtampak017; komnungthangtampak018; komnungthangtampak022; komnungthangtampak023; komnungthangtampak038; komnungthangtampak078; komnungthangtampak083; komnungthangtampak084; komnungthangtampak102; komnungthangtampak103; komnungthangtampak125; komnungthangtampak130; komnungthangtampak132; komnungthangtampak133; komnungthangtampak138; komnungthangtampak141; komnungthangtampak158; komnungthangtampak177; komnungthangtampak178; komnungthangtampak182; komnungthangtampak183; komnungthangtampak195; komnungthangtampak229; komnungthangtampak233; komnungthangtampak234; komnungthangtampak247; komnungthangtampak248; komnungthangtampak250; komnungthangtampak251; komnungthangtampak252; komnungthangtampak270; komnungthangtampak273; komnungthangtampak275; komnungthangtampak279; komnungthangtampak281,komnungthangtampak
komnungthangtampakM32,u ŋ,post,1.pl.excl.fut.aff; 1.pl.excl.fut.aff; 2.sg.1.pl.excl.fut.aff; 2.sg.1.pl.excl.fut.aff; 2.pl.1.pl.excl.fut.aff; 2.pl.1.pl.excl.fut.aff; 2.pl.1.pl.excl.fut.aff; 3.sg.1.pl.excl.fut.aff; 3.sg.1.pl.incl.fut.aff; 3.pl.1.pl.excl.fut.aff; 3.pl.1.pl.excl.fut.aff; 3.pl.1.pl.excl.fut.aff; 3.pl.3.sg.fut.aff; 1.pl.excl.fut.neg; 1.pl.excl.fut.neg; 1.pl.excl.2.sg.fut.neg; 1.pl.excl.2.sg.fut.neg; 1.pl.excl.2.pl.fut.neg; 1.pl.excl.2.pl.fut.neg; 1.pl.excl.3.sg.fut.neg; 1.pl.excl.3.sg.fut.neg; 1.pl.incl.3.pl.fut.neg; 1.pl.excl.nfut.aff; 1.pl.excl.3.pl.nfut.aff; 2.sg.1.pl.excl.nfut.aff; 2.sg.1.pl.excl.nfut.aff; 2.pl.1.pl.excl.nfut.aff; 2.pl.1.pl.excl.nfut.aff; 2.pl.1.pl.excl.nfut.aff; 3.sg.1.pl.excl.nfut.aff; 3.pl.1.pl.excl.nfut.aff; 3.pl.1.pl.excl.nfut.aff; 3.pl.1.pl.incl.nfut.aff; 1.pl.excl.nfut.neg; 1.pl.excl.nfut.neg; 1.sg.2.pl.nfut.neg; 1.pl.excl.2.sg.nfut.neg; 1.pl.excl.2.pl.nfut.neg; 1.pl.excl.2.pl.nfut.neg; 1.pl.excl.2.pl.nfut.neg; 1.pl.excl.2.pl.nfut.neg; 1.pl.excl.3.sg.nfut.neg; 1.pl.excl.3.sg.nfut.neg; 1.pl.excl.3.pl.nfut.neg; 1.pl.excl.3.pl.nfut.neg; 2.pl.1.pl.excl.nfut.neg; 3.pl.1.pl.excl.nfut.neg,komnungthangtampak011; komnungthangtampak012; komnungthangtampak042; komnungthangtampak043; komnungthangtampak049; komnungthangtampak050; komnungthangtampak051; komnungthangtampak064; komnungthangtampak066; komnungthangtampak071; komnungthangtampak072; komnungthangtampak073; komnungthangtampak091; komnungthangtampak096; komnungthangtampak097; komnungthangtampak108; komnungthangtampak109; komnungthangtampak111; komnungthangtampak112; komnungthangtampak115; komnungthangtampak116; komnungthangtampak122; komnungthangtampak173; komnungthangtampak192; komnungthangtampak198; komnungthangtampak199; komnungthangtampak202; komnungthangtampak203; komnungthangtampak204; komnungthangtampak213; komnungthangtampak220; komnungthangtampak221; komnungthangtampak226; komnungthangtampak242; komnungthangtampak243; komnungthangtampak248; komnungthangtampak249; komnungthangtampak251; komnungthangtampak252; komnungthangtampak253; komnungthangtampak254; komnungthangtampak259; komnungthangtampak260; komnungthangtampak264; komnungthangtampak265; komnungthangtampak276; komnungthangtampak290,komnungthangtampak
komnungthangtampakM33,ŋ,post,1.sg.fut.aff; 1.pl.incl.fut.aff; 1.sg.2.pl.fut.aff; 1.pl.excl.2.sg.fut.aff; 1.pl.excl.2.pl.fut.aff; 1.sg.3.sg.fut.aff; 1.sg.3.pl.fut.aff; 1.pl.excl.3.sg.fut.aff; 1.pl.excl.3.pl.fut.aff; 1.pl.incl.3.pl.fut.aff; 1.pl.incl.3.pl.fut.aff; 2.sg.fut.aff; 2.pl.fut.aff; 2.sg.1.sg.fut.aff; 2.sg.1.pl.excl.fut.aff; 2.sg.1.pl.excl.fut.aff; 2.pl.1.sg.fut.aff; 2.pl.1.sg.fut.aff; 2.pl.1.pl.excl.fut.aff; 2.sg.3.sg.fut.aff; 2.sg.3.pl.fut.aff; 2.pl.3.pl.fut.aff; 3.sg.1.sg.fut.aff; 3.sg.1.pl.excl.fut.aff; 3.sg.1.pl.incl.fut.aff; 3.pl.1.sg.fut.aff; 3.pl.1.pl.excl.fut.aff; 3.pl.1.pl.incl.fut.aff; 3.sg.2.sg.fut.aff; 3.sg.2.pl.fut.aff; 3.sg.2.pl.fut.aff; 3.pl.2.sg.fut.aff; 3.pl.2.pl.fut.aff; 3.sg.3.sg.fut.aff; 3.pl.3.pl.fut.aff; 1.sg.fut.neg; 1.pl.excl.fut.neg; 1.pl.incl.fut.neg; 1.sg.2.sg.fut.neg; 1.sg.2.pl.fut.neg; 1.sg.2.pl.fut.neg; 1.sg.2.pl.fut.neg; 1.sg.3.pl.fut.neg; 1.pl.excl.2.sg.fut.neg; 1.pl.excl.2.pl.fut.neg; 1.sg.3.sg.fut.neg; 1.pl.excl.3.sg.fut.neg; 1.pl.excl.3.pl.fut.neg; 1.pl.incl.3.pl.fut.neg; 2.sg.fut.neg; 2.pl.fut.neg; 2.sg.1.sg.fut.neg; 2.sg.1.pl.excl.fut.neg; 2.pl.1.pl.excl.fut.neg; 2.sg.3.sg.fut.neg; 2.sg.3.pl.fut.neg; 2.pl.3.sg.fut.neg; 2.pl.3.pl.fut.neg; 3.sg.fut.neg; 3.sg.1.sg.fut.neg; 3.sg.1.pl.excl.fut.neg; 3.sg.1.pl.incl.fut.neg; 3.pl.1.sg.fut.neg; 3.pl.1.pl.incl.fut.neg; 3.sg.2.sg.fut.neg; 3.sg.2.pl.fut.neg; 3.pl.2.pl.fut.neg; 3.sg.3.sg.fut.neg; 3.sg.3.pl.fut.neg; 3.pl.3.pl.fut.neg; 1.sg.3.sg.nfut.aff; 1.pl.excl.3.pl.nfut.aff; 3.pl.1.pl.excl.nfut.aff; 3.sg.2.pl.nfut.aff; 3.sg.2.pl.nfut.neg,komnungthangtampak010; komnungthangtampak014; komnungthangtampak018; komnungthangtampak020; komnungthangtampak023; komnungthangtampak026; komnungthangtampak028; komnungthangtampak030; komnungthangtampak033; komnungthangtampak035; komnungthangtampak036; komnungthangtampak037; komnungthangtampak038; komnungthangtampak040; komnungthangtampak043; komnungthangtampak044; komnungthangtampak046; komnungthangtampak048; komnungthangtampak052; komnungthangtampak054; komnungthangtampak056; komnungthangtampak059; komnungthangtampak063; komnungthangtampak065; komnungthangtampak067; komnungthangtampak070; komnungthangtampak073; komnungthangtampak075; komnungthangtampak077; komnungthangtampak079; komnungthangtampak080; komnungthangtampak082; komnungthangtampak085; komnungthangtampak087; komnungthangtampak093; komnungthangtampak094; komnungthangtampak097; komnungthangtampak099; komnungthangtampak101; komnungthangtampak103; komnungthangtampak104; komnungthangtampak105; komnungthangtampak107; komnungthangtampak109; komnungthangtampak112; komnungthangtampak114; komnungthangtampak116; komnungthangtampak120; komnungthangtampak122; komnungthangtampak124; komnungthangtampak125; komnungthangtampak127; komnungthangtampak129; komnungthangtampak133; komnungthangtampak135; komnungthangtampak137; komnungthangtampak139; komnungthangtampak142; komnungthangtampak143; komnungthangtampak146; komnungthangtampak148; komnungthangtampak150; komnungthangtampak151; komnungthangtampak155; komnungthangtampak157; komnungthangtampak159; komnungthangtampak163; komnungthangtampak165; komnungthangtampak167; komnungthangtampak170; komnungthangtampak186; komnungthangtampak191; komnungthangtampak222; komnungthangtampak230; komnungthangtampak294,komnungthangtampak
komnungthangtampakM34,⁇ a,pre,1.pl.incl.fut.aff,komnungthangtampak014,komnungthangtampak
